<?xml version="1.0" encoding="UTF-8"?>
<!DOCTYPE configuration PUBLIC "-//mybatis.org//DTD Config 3.0//EN"    "http://mybatis.org/dtd/mybatis-3-config.dtd">

<configuration>

    <settings>
        <setting name="mapUnderscoreToCamelCase" value="true"/>
        <setting name="callSettersOnNulls" value="true"/>
    </settings>
    
    <mappers>
        <mapper resource ="mapper/board_query.xml"/>
        <mapper resource ="mapper/users_query.xml"/>
        <mapper resource ="mapper/attr_query.xml"/>
        <mapper resource ="mapper/planner_query.xml"/>
    </mappers>
</configuration>